firstName,lastName,age,Sex,Vehicle_make,Vehicle_model,Vehicle_year,Vehicle_type

Aaron,Hodgson,72,Male,Chevrolet,Karma,2006,SUV

Abbie,Price,37,Female,Chevrolet,Aztek,2006,Sedan

Abbie,Doherty,76,Female,Ram,ProMaster Window Van,2009,SUV

Abbie,Smith,42,Female,Chevrolet,2500 HD Extended Cab,1993,SUV

Abdul,Kelly,79,Male,Volkswagen,XJ,2006,Sedan

Abigail,Taylor,46,Female,Saab,Civic,2015,Sedan

Abigail,Green,65,Female,Dodge,Transit Connect Passenger,1993,Pickup

Adam,Taylor,71,Male,Chevrolet,2500 Regular Cab,2013,SUV

Adrian,Taylor,20,Male,Hyundai,SVX,2009,Pickup

Aimee,Taylor,54,Female,Bentley,S10 Crew Cab,2017,Wagon

Aimee,Norton,71,Female,Ford,Caliber,2004,SUV

Aimee,Lewis,67,Female,MAZDA,Express 2500 Passenger,2005,"Convertible, Coupe"

Alan,Payne,89,Male,Mercedes-Benz,Golf III,2017,Van/Minivan

Alan,Pritchard,19,Male,Mercedes-Benz,Impreza,2018,Sedan

Albert,Fisher,19,Male,Isuzu,GTI,2011,Van/Minivan

Albert,Kay,22,Male,Chevrolet,Matrix,2013,Van/Minivan

Albert,Dawson,21,Male,Chevrolet,Silverado 2500 HD Extended Cab,2019,SUV

Albert,Pritchard,52,Male,Ford,R8,2000,Sedan

Alex,Carr,70,Male,BMW,Range Rover,2015,Van/Minivan

Alex,Cooper,60,Male,Lexus,5 Series,2009,SUV

Alex,Ali,39,Male,Chevrolet,Sierra 3500 Crew Cab,2010,Coupe

Alex,Dean,33,Male,Mercedes-Benz,3500 Club Coupe,2004,Van/Minivan

Alexander,Bennett,23,Male,Dodge,Outlander,1997,SUV

Alexander,Newman,87,Male,Lamborghini,Silverado 2500 HD Crew Cab,2016,Convertible

Alexander,Wallace,21,Male,Audi,V40,2016,"Wagon, Sedan"

Alexandra,Watson,38,Female,Cadillac,Villager,2020,Sedan

Alexandra,Holt,58,Female,Chevrolet,NV200,1994,"Coupe, Sedan"

Alice,Sullivan,23,Female,INFINITI,Vanquish S,2007,Coupe

Alice,Matthews,39,Female,GMC,Savana 1500 Cargo,2000,"Convertible, Coupe"

Alice,Webb,89,Female,Chevrolet,Expedition,2018,SUV

Alison,Brooks,82,Female,Chevrolet,Sprinter 2500 Passenger,2001,"Sedan, Convertible"

Alison,Sutton,64,Female,Toyota,Q5,2014,"Sedan, Coupe"

Allan,Martin,27,Male,Cadillac,Mulsanne,2015,Van/Minivan

Allan,Johnson,45,Male,Chevrolet,Edge,2007,Pickup

Allan,Fox,50,Male,Chevrolet,Tahoe,2001,SUV

Amanda,Harris,63,Female,Alfa Romeo,7 Series,1993,Hatchback

Amanda,Knight,76,Female,Chevrolet,Aerostar Cargo,2010,SUV

Amber,Dickinson,87,Female,GMC,300 CE,2002,SUV

Amber,Freeman,90,Female,Dodge,CX-30,2000,Sedan

Amelia,Barnett,26,Female,GMC,Savana 3500 Cargo,2006,"Coupe, Convertible"

Amelia,Jones,31,Female,Chevrolet,XK,1997,Sedan

Amelia,Morgan,80,Female,Chevrolet,PT Cruiser,2007,Sedan

Amy,Begum,41,Female,Ford,Prelude,2016,"Coupe, Convertible"

Amy,Bell,59,Female,Cadillac,Nitro,2018,Hatchback

Amy,Turner,28,Female,Jaguar,C70,2008,Van/Minivan

Amy,Stone,25,Female,Volkswagen,Prizm,2010,SUV

Andrea,Thomas,51,Female,Toyota,S10 Extended Cab,1992,Pickup

Andrea,Arnold,80,Female,Chrysler,Trans Sport,2008,Van/Minivan

Andrea,Green,75,Female,INFINITI,Sierra 3500 Regular Cab,2010,Sedan

Andrew,Myers,43,Male,INFINITI,DBS,2011,Sedan

Andrew,Mills,90,Male,Ford,Cutlass Ciera,1999,Pickup

Andrew,White,28,Male,Chevrolet,S-Class,2011,Sedan

Ann,O'Neill,79,Female,Jeep,Express 1500 Cargo,1993,Sedan

Anna,Richardson,34,Female,Ford,Firebird,2013,Van/Minivan

Anne,Evans,62,Female,Mitsubishi,E350 Super Duty Cargo,2000,Coupe

Annette,Robson,79,Female,Honda,Thunderbird,2002,Pickup

Annette,Watson,72,Female,Nissan,C/V Tradesman,2012,Hatchback

Annette,Wallace,88,Female,Saturn,S80,1992,SUV

Anthony,Young,19,Male,Volvo,Viper,2017,"Coupe, Sedan"

Antony,King,83,Male,Porsche,CX-3,2013,Pickup

Arthur,Moore,69,Male,Cadillac,M-Class,2018,SUV

Arthur,Lawson,70,Male,smart,Blazer,2015,Coupe

Ashleigh,Thompson,47,Female,Toyota,Sienna,2003,Coupe

Ashleigh,Williams,91,Female,Buick,370Z,1999,Van/Minivan

Ashleigh,Johnson,36,Female,Aston Martin,Silverado 3500 HD Regular Cab,1997,Van/Minivan

Ashley,Cooper,31,Male,Toyota,Jetta,2011,Convertible

Ashley,West,65,Male,Chrysler,Frontier King Cab,2016,Van/Minivan

Barbara,Conway,21,Female,Dodge,Escalade ESV,2014,SUV

Barbara,Marshall,50,Female,FIAT,Outback,2010,SUV

Barbara,Lucas,53,Female,Acura,Sienna,2016,SUV

Barbara,Stephens,66,Female,Nissan,HHR,2017,Van/Minivan

Barbara,Chamberlain,64,Female,GMC,Ranger Regular Cab,1996,"Sedan, Wagon"

Barbara,Gardiner,89,Female,Chevrolet,Optima (2006.5),1997,Coupe

Barbara,Patterson,40,Female,GMC,Outlander Sport,2008,Hatchback

Barry,Gray,83,Male,Dodge,Aventador,2019,Coupe

Barry,Young,87,Male,Ferrari,Nubira,2017,SUV

Barry,Moore,18,Male,GMC,Silverado 2500 HD Regular Cab,2003,Hatchback

Barry,Morgan,79,Male,Honda,A6,1995,Pickup

Barry,Turner,88,Male,INFINITI,Cayenne,2006,Pickup

Ben,Martin,84,Male,BMW,LS,2016,Hatchback

Benjamin,Taylor,22,Male,Eagle,Countryman,2016,Hatchback

Benjamin,Smith,44,Male,Toyota,Magnum,2018,SUV

Benjamin,Brown,35,Male,BMW,Savana 3500 Passenger,2008,Sedan

Bernard,White,26,Male,Toyota,Freelander,2009,Coupe

Bernard,Evans,41,Male,Audi,GS,2016,Sedan

Beth,Day,59,Female,Dodge,Aveo,2001,Pickup

Beth,Cole,32,Female,INFINITI,HS,1999,"Sedan, Wagon, Coupe"

Beth,Stephenson,84,Female,Toyota,Passat,2018,"Coupe, Convertible"

Bethan,Slater,53,Female,Land Rover,Canyon Regular Cab,2000,Sedan

Bethan,Fraser,70,Female,Ford,Range Rover,2019,Sedan

Bethan,Wood,29,Female,GMC,Wrangler,1995,Pickup

Bethan,Nicholls,81,Female,Ford,Econoline E350 Cargo,1992,Pickup

Bethan,Griffiths,70,Female,Chevrolet,Forte,2005,Van/Minivan

Bethany,White,84,Female,Ford,Explorer,2000,"Sedan, Wagon"

Bethany,Ward,35,Female,BMW,Beretta,2007,Van/Minivan

Beverley,Anderson,19,Female,Lexus,DBS,2013,SUV

Billy,Walker,29,Male,Suzuki,Lumina Passenger,2002,Van/Minivan

Bradley,Dickinson,87,Male,Lexus,Land Cruiser,2010,Sedan

Bradley,Jones,63,Male,GMC,Aveo,2004,Sedan

Bradley,Johnson,90,Male,Chevrolet,Wrangler,2016,Hatchback

Bradley,Lewis,47,Male,smart,Prius c,1994,Van/Minivan

Brandon,Collins,32,Male,Toyota,Grand Prix,2018,Pickup

Brandon,Sharpe,30,Male,Aston Martin,Canyon Regular Cab,2012,Sedan

Brenda,Bibi,90,Female,INFINITI,Firebird,2008,Van/Minivan

Brian,Robinson,62,Male,Chevrolet,XC70,2003,Sedan

Bryan,Jackson,79,Male,FIAT,6 Series,2004,Pickup

Bryan,Daniels,74,Male,Lexus,Tacoma Access Cab,2006,SUV

Bryan,Riley,31,Male,Honda,GX,2020,Pickup

Bryan,Parkes,27,Male,Cadillac,Contour,2020,Pickup

Callum,Evans,69,Male,Toyota,500 E,1997,Pickup

Callum,Gray,26,Male,Chevrolet,TT,2009,Sedan

Callum,Morris,36,Male,Ford,Express 2500 Passenger,2019,Van/Minivan

Cameron,Atkinson,34,Male,HUMMER,XK,2019,Pickup

Cameron,Hudson,63,Male,Subaru,GTI,1995,Sedan

Cameron,Saunders,70,Male,Audi,Sonata,2019,Sedan

Carl,Jennings,75,Male,Aston Martin,Intrepid,2019,Sedan

Carl,Thomas,37,Male,Audi,2500 Crew Cab,1996,Sedan

Carl,Thomas,31,Male,Chevrolet,XC90,2011,"Sedan, Hatchback"

Carly,Pope,38,Female,Ford,Q7,2001,Hatchback

Carly,Nicholson,28,Female,Toyota,MDX,1995,Pickup

Carly,Cox,24,Female,Audi,GS,2012,Van/Minivan

Carly,Lambert,23,Female,GMC,Grand Am,2007,Sedan

Carly,Stokes,53,Female,GMC,Accord,2007,Van/Minivan

Carol,Brown,18,Female,Ford,Elise,2019,Sedan

Carol,Williams,28,Female,Nissan,4Runner,2014,Wagon

Carol,Banks,59,Female,BMW,Silverado 1500 Crew Cab,2001,Sedan

Carol,Martin,56,Female,FIAT,Protege,2000,Van/Minivan

Carol,Fitzgerald,83,Female,Ford,Escalade EXT,2015,Hatchback

Carol,Edwards,62,Female,Nissan,Explorer Sport Trac,2005,SUV

Carole,Turner,58,Female,GMC,Galant,2011,Coupe

Caroline,Harris,31,Female,GMC,Land Cruiser,2003,Pickup

Carolyn,Nixon,69,Female,Chevrolet,TL,1993,Van/Minivan

Carolyn,Page,77,Female,Mercedes-Benz,A3,2016,Pickup

Catherine,Jones,78,Female,BMW,S10 Extended Cab,2009,Pickup

Catherine,Rose,87,Female,Hyundai,Wraith,1999,Pickup

Charlene,Parkin,57,Female,Porsche,Tundra CrewMax,2007,"Sedan, Wagon"

Charlene,Farrell,55,Female,INFINITI,Navigator,2006,Sedan

Charles,Brennan,50,Male,BMW,LeSabre,2014,SUV

Charlie,Hussain,35,Male,INFINITI,Taurus,2011,Coupe

Charlie,Mitchell,27,Male,Ford,New Yorker,1993,Pickup

Charlotte,McCarthy,42,Female,Mercedes-Benz,A4,2015,Sedan

Charlotte,Bird,39,Female,Pontiac,Mark VIII,2005,Coupe

Chelsea,Johnson,39,Female,Jeep,STS,2005,SUV

Chelsea,Brooks,57,Female,Ford,Express 1500 Cargo,2008,Sedan

Chelsea,Robson,28,Female,Honda,CTS-V,2010,Van/Minivan

Cheryl,Howell,91,Female,Ford,3500 Mega Cab,1996,"Sedan, Hatchback"

Cheryl,Walker,20,Female,Audi,Camry,2019,SUV

Chloe,Gallagher,76,Female,Kia,Ram 1500 Quad Cab,2010,Sedan

Chloe,Pugh,75,Female,BMW,Jetta,2010,SUV

Christine,Weston,28,Female,Scion,City Express,1997,"Convertible, Coupe"

Christine,Jones,62,Female,Lexus,V70,2006,Van/Minivan

Christopher,Gray,61,Male,Honda,Monte Carlo,2000,Wagon

Christopher,Marshall,38,Male,Mercedes-Benz,Sierra 2500 HD Crew Cab,2004,Pickup

Claire,Williams,61,Female,MAZDA,Vandura 3500,1993,Sedan

Claire,Norman,90,Female,Toyota,Impreza,1992,"Coupe, Convertible"

Claire,Lee,38,Female,MAZDA,Montero,1998,Coupe

Claire,Gilbert,60,Female,Chrysler,Ram 2500 Regular Cab,1992,Sedan

Claire,Noble,91,Female,Chevrolet,F350 Crew Cab,2000,Van/Minivan

Clare,Edwards,20,Female,Pontiac,e-Golf,1997,Pickup

Clifford,Tomlinson,77,Male,Chevrolet,Savana 2500 Passenger,2005,SUV

Clifford,Nixon,18,Male,Lexus,Tundra Regular Cab,2009,"Sedan, Wagon"

Clifford,Price,70,Male,Nissan,B-Series Cab Plus,1996,"Convertible, Hatchback"

Colin,Davies,86,Male,Jeep,XK,2011,Pickup

Connor,Smith,71,Male,MAZDA,Quest,2011,Sedan

Connor,Ahmed,41,Male,Plymouth,X5,2006,Sedan

Connor,Ross,32,Male,Ram,Tundra Double Cab,2013,Pickup

Conor,Thomas,84,Male,Ford,Paceman,2001,SUV

Conor,Cox,46,Male,Chevrolet,Impreza,2014,Pickup

Conor,Shah,71,Male,Cadillac,Legacy,2016,Pickup

Craig,White,40,Male,BMW,Ghibli,2012,Hatchback

Dale,Bibi,79,Male,Jeep,Equinox,2011,Convertible

Damian,Daniels,91,Male,Honda,Camry,2006,SUV

Damian,Hughes,74,Male,INFINITI,XC90,1993,SUV

Damian,Stewart,90,Male,Jaguar,G,2020,Sedan

Damian,Mitchell,55,Male,Ford,Savana 3500 Cargo,2005,Pickup

Damien,Burrows,88,Male,Ford,R-Class,1996,Sedan

Damien,Williams,71,Male,Chevrolet,Genesis,2020,Van/Minivan

Daniel,Martin,48,Male,Chevrolet,QX60,2003,Pickup

Daniel,Baker,27,Male,Nissan,CX-3,2019,Pickup

Daniel,Hudson,31,Male,Rolls-Royce,Sierra 2500 HD Crew Cab,2005,Van/Minivan

Danielle,Sullivan,47,Female,Chevrolet,Taycan,2009,Hatchback

Danielle,Davison,41,Female,Isuzu,Golf R,1996,Pickup

Danielle,Fisher,66,Female,Hyundai,Elantra GT,1995,Wagon

Danny,Jones,90,Male,Chevrolet,Concorde,2005,SUV

Danny,Mason,62,Male,Pontiac,Vanquish S,2010,Sedan

Danny,Lewis,80,Male,Suzuki,Ram Van 1500,2015,Pickup

Danny,Giles,83,Male,MAZDA,SVX,2005,Sedan

Darren,Edwards,77,Male,Mercedes-Benz,S60,2003,"Wagon, Sedan"

Darren,Saunders,27,Male,BMW,Frontier Crew Cab,2001,Pickup

Darren,Tucker,77,Male,HUMMER,3500 Mega Cab,2015,Van/Minivan

Darren,Barnes,25,Male,Mercedes-Benz,LSS,2002,SUV

David,Hill,72,Male,Nissan,Enclave,2011,"Coupe, Convertible"

David,Baker,67,Male,Mercedes-Benz,Eldorado,1992,SUV

Dawn,Patterson,32,Female,Chevrolet,Tacoma Xtracab,2013,Coupe

Dawn,Ross,51,Female,Dodge,Tiguan,2012,"Convertible, Coupe"

Dean,King,29,Male,Chrysler,Transit Connect Passenger,2005,Sedan

Deborah,Fowler,84,Female,Dodge,Metris Passenger,1994,Wagon

Deborah,Davies,28,Female,Geo,X5,2002,Sedan

Deborah,Bartlett,88,Female,GMC,Cayenne,1996,Pickup

Declan,Jones,19,Male,GMC,Frontier King Cab,2004,SUV

Declan,Finch,23,Male,GMC,MDX,2003,Coupe

Denis,Cook,57,Male,Chrysler,Express 3500 Passenger,2015,Sedan

Denis,Hope,85,Male,Ford,Savana 3500 Passenger,2012,"Coupe, Convertible"

Denis,Pearce,82,Male,Honda,Accent,2019,SUV

Denis,Short,54,Male,Chevrolet,CLK-Class,1995,"Sedan, Hatchback"

Denis,Perry,44,Male,Chevrolet,GranTurismo,1994,SUV

Denise,Kirby,23,Female,Lincoln,Express 1500 Passenger,2013,"Coupe, Sedan"

Denise,Griffiths,18,Female,Lexus,Accent,2010,Van/Minivan

Denise,Pearson,60,Female,Aston Martin,XG350,2014,Sedan

Dennis,Shaw,36,Male,Toyota,Express 3500 Passenger,1996,SUV

Dennis,Whittaker,27,Male,Honda,Sable,1994,Sedan

Derek,Riley,42,Male,Honda,Suburban 2500,2013,Pickup

Derek,Hewitt,78,Male,Toyota,MPV,2018,Coupe

Diana,Birch,19,Female,Ford,MKT,1995,Pickup

Diana,Kelly,41,Female,Ford,Express 3500 Passenger,2006,Hatchback

Diane,Goodwin,77,Female,Chevrolet,Econoline E250 Cargo,2015,Pickup

Diane,Wood,56,Female,Geo,Corvette,2016,Pickup

Dominic,Smith,40,Male,Hyundai,V40,1994,"Sedan, Hatchback"

Dominic,Shaw,50,Male,MINI,CTS,2008,Sedan

Dominic,Wood,75,Male,Chevrolet,Silverado 1500 Regular Cab,1995,"Convertible, Coupe"

Dominic,Webb,48,Male,Buick,M3,2012,Coupe

Donald,Bell,47,Male,GMC,CC,2013,SUV

Donald,Harrison,38,Male,Ford,Versa,1992,Pickup

Donald,Francis,44,Male,Chevrolet,Traverse,2016,Pickup

Donna,Stokes,43,Female,Pontiac,Discovery Sport,2016,"Sedan, Wagon"

Donna,Thornton,33,Female,Nissan,Caravan Passenger,2015,Sedan

Donna,Bradley,50,Female,MAZDA,Beetle,2009,"Sedan, Coupe"

Dorothy,Lane,80,Female,Lincoln,SLS-Class,2015,Sedan

Douglas,Weston,51,Male,MAZDA,RAV4,2010,Van/Minivan

Douglas,Holloway,23,Male,Nissan,Ram 1500 Mega Cab,1995,SUV

Douglas,Hilton,23,Male,Lamborghini,Outback,2005,Coupe

Duncan,Ford,66,Male,Kia,M3,2017,"Sedan, Wagon"

Duncan,Price,24,Male,Honda,Ghibli,2018,Sedan

Dylan,Williams,85,Male,Toyota,F150 Regular Cab,2009,Coupe

Dylan,Kerr,67,Male,Toyota,1500 Regular Cab,2018,SUV

Dylan,Rees,24,Male,BMW,Acclaim,2001,Sedan

Dylan,Talbot,35,Male,Volvo,Sonoma Extended Cab,1997,Sedan

Dylan,Craig,19,Male,Mercedes-Benz,Discovery Sport,2006,Van/Minivan

Dylan,Brown,23,Male,Audi,Escape,2020,Pickup

Edward,Robinson,68,Male,Toyota,3-Sep,2000,SUV

Edward,Griffiths,59,Male,Ford,Bronco,1996,Sedan

Eileen,Andrews,33,Female,Lincoln,X5,1998,Pickup

Eileen,Johnson,37,Female,Scion,SC,1997,"Sedan, Wagon, Convertible"

Eileen,McCarthy,66,Female,Chevrolet,Malibu,2004,SUV

Eileen,Hall,60,Female,Chevrolet,F250 Super Duty Super Cab,1996,Pickup

Elaine,Cunningham,59,Female,Honda,Sprinter WORKER Cargo,2018,Van/Minivan

Eleanor,Brown,75,Female,Chevrolet,F450 Super Duty Crew Cab,2005,Hatchback

Eleanor,Howe,72,Female,Honda,Grand Caravan Cargo,1994,Pickup

Elizabeth,Sanders,62,Female,HUMMER,911,1995,Sedan

Elizabeth,Harding,50,Female,Audi,Accord,2012,"Convertible, Sedan, Coupe"

Elizabeth,Sanders,79,Female,Acura,Sable,2011,Pickup

Elizabeth,Brown,73,Female,Chevrolet,Convertible,1997,Sedan

Ellie,Taylor,74,Female,Honda,Grand Marquis,2002,SUV

Ellie,Allen,23,Female,Porsche,Discovery,2018,Pickup

Ellie,Williams,65,Female,Ford,fortwo,2008,Pickup

Ellie,Buckley,58,Female,Mercury,Century,2007,SUV

Elliot,White,70,Male,Dodge,Savana 3500 Cargo,2016,Van/Minivan

Elliot,Evans,32,Male,BMW,Soul EV,2014,Hatchback

Elliott,Clarke,72,Male,Mercury,Tundra Double Cab,2018,Sedan

Elliott,Jones,67,Male,Chevrolet,F250 Super Duty Super Cab,2019,Sedan

Elliott,Willis,86,Male,Dodge,Grand Vitara,2017,SUV

Elliott,Jones,30,Male,Ford,Axiom,2009,Van/Minivan

Elliott,Jones,77,Male,Aston Martin,Tracker,1993,Wagon

Emily,Morris,36,Female,Volvo,TITAN XD Crew Cab,2018,Sedan

Emily,Holland,41,Female,Ford,MAZDA3,2014,Pickup

Emily,Godfrey,55,Female,Nissan,2500 Club Coupe,1997,Hatchback

Emily,Shaw,37,Female,GMC,Cascada,2008,SUV

Emma,Parry,80,Female,Scion,PT Cruiser,2014,Van/Minivan

Emma,Edwards,32,Female,Chevrolet,NX,2011,"Sedan, Coupe"

Emma,James,49,Female,Nissan,626,2005,Van/Minivan

Emma,Taylor,80,Female,Cadillac,S-Class,2003,Sedan

Eric,Berry,45,Male,Hyundai,Range Rover Evoque,2015,Van/Minivan

Eric,Wallis,69,Male,Chevrolet,Sierra 1500 Regular Cab,2016,Convertible

Eric,Mason,86,Male,Ford,Patriot,1997,Convertible

Eric,Wilson,80,Male,Honda,Equinox,1993,"Sedan, Convertible, Wagon"

Eric,Lee,25,Male,Chevrolet,Elantra,1998,Pickup

Fiona,Powell,41,Female,Mitsubishi,Model X,2013,Hatchback

Fiona,Lees,83,Female,Lincoln,7 Series,2006,Pickup

Fiona,O'Connor,51,Female,Land Rover,SLX,2018,Pickup

Fiona,Adams,73,Female,Mitsubishi,Crossfire,2010,SUV

Frances,Tucker,71,Female,GMC,Sierra (Classic) 1500 Crew Cab,2020,Sedan

Frances,Blake,68,Female,Chrysler,900,1995,SUV

Francesca,Wilson,83,Female,Dodge,Safari Passenger,2003,"Hatchback, Convertible"

Frank,Begum,61,Male,BMW,Edge,2016,Sedan

Frederick,Harris,21,Male,GMC,Express 1500 Passenger,1999,Van/Minivan

Frederick,Foster,31,Male,GMC,Rio,2011,"Convertible, Coupe"

Frederick,Walker,77,Male,Lexus,Q5,2017,"Sedan, Hatchback"

Frederick,Gardner,87,Male,GMC,XE,1997,Sedan

Gareth,Smith,28,Male,Lexus,VUE,2010,Van/Minivan

Gareth,Jennings,39,Male,Nissan,500c Abarth,1994,SUV

Gareth,Walsh,18,Male,Plymouth,Sierra 3500 Extended Cab,2013,Sedan

Gareth,Fletcher,27,Male,Buick,G-Series G30,1996,SUV

Garry,Evans,88,Male,Suzuki,GLC Coupe,2017,SUV

Gary,Cole,79,Male,Cadillac,Convertible,2010,"Hatchback, Convertible"

Gary,Miller,30,Male,Dodge,RX,1995,Sedan

Gary,Yates,49,Male,GMC,T100 Regular Cab,2003,Sedan

Gary,Bennett,69,Male,Mercedes-Benz,A3,2007,Sedan

Gary,Brookes,91,Male,Land Rover,Rogue,1992,Pickup

Gavin,Walker,91,Male,Chevrolet,Laser,2010,"Convertible, Sedan, Coupe"

Gavin,Young,18,Male,Audi,Ram 2500 Regular Cab,2010,"Wagon, Sedan"

Gavin,Arnold,69,Male,Jeep,Expedition,2007,"Coupe, Sedan, Hatchback"

Gemma,O'Brien,87,Female,Isuzu,Topaz,2002,SUV

Gemma,Evans,37,Female,Nissan,E350 Super Duty Cargo,2011,"Sedan, Wagon"

Geoffrey,Richardson,62,Male,Ram,Matrix,1997,Pickup

Geoffrey,Walters,91,Male,Dodge,RX,2007,Sedan

Geoffrey,Gough,72,Male,GMC,Touareg,1998,Pickup

Geoffrey,Davies,30,Male,Ford,SLS-Class,1999,SUV

Geoffrey,Phillips,86,Male,Genesis,Renegade,2016,Sedan

George,Newman,23,Male,Chevrolet,Club Wagon,2010,Pickup

Georgia,Austin,36,Female,GMC,Sonata,1999,Pickup

Georgia,Lyons,27,Female,MINI,2500 Regular Cab,2001,Pickup

Georgia,Cunningham,64,Female,Subaru,Park Avenue,2003,SUV

Georgia,Campbell,70,Female,Alfa Romeo,Suburban 1500,2017,SUV

Georgia,Talbot,59,Female,Ford,Ranger Regular Cab,2013,SUV

Georgia,Power,81,Female,Mercedes-Benz,2500 Regular Cab,2009,Pickup

Georgia,Thompson,22,Female,Buick,Camry,2019,SUV

Georgina,O'Neill,78,Female,Dodge,Bonneville,2017,"Hatchback, Convertible"

Georgina,Daniels,76,Female,MINI,S4,2008,Convertible

Georgina,Chapman,23,Female,Saturn,ATS,2019,SUV

Gerald,Pearson,75,Male,Honda,Sentra,2011,SUV

Gerald,Taylor,85,Male,Ford,Canyon Extended Cab,2000,Van/Minivan

Gerald,Hughes,49,Male,Pontiac,Legacy,1996,Sedan

Geraldine,Mason,44,Female,Acura,900,1999,Sedan

Geraldine,Patel,24,Female,Nissan,Blackwood,2002,SUV

Gerard,McLean,53,Male,Ford,Safari Passenger,2000,Van/Minivan

Gillian,Johnson,64,Female,Chevrolet,Silverado (Classic) 2500 HD Extended Cab,2007,Van/Minivan

Gillian,Roberts,82,Female,Nissan,Riviera,2014,SUV

Gillian,Mason,88,Female,Honda,S6,1999,Pickup

Glen,Edwards,54,Male,Hyundai,Ram 2500 Club Cab,1996,Pickup

Glen,Lewis,18,Male,Alfa Romeo,Impreza,2017,Pickup

Glen,Dennis,58,Male,Nissan,Sonoma Regular Cab,2008,"Sedan, Coupe, Wagon"

Glen,Baker,26,Male,Mitsubishi,Alpina B7,1994,"Sedan, Hatchback"

Glen,Hunt,56,Male,INFINITI,Thunderbird,2017,SUV

Glenn,Burke,37,Male,Acura,Econoline E250 Cargo,2014,Sedan

Glenn,Storey,79,Male,Ford,Mark LT,1998,Van/Minivan

Glenn,Burgess,33,Male,Volkswagen,Impreza,2018,Pickup

Gordon,Lawson,28,Male,Volkswagen,SLK-Class,2001,Van/Minivan

Gordon,Harrison,52,Male,Hyundai,Canyon Regular Cab,2000,Coupe

Gordon,Davies,72,Male,Freightliner,Altima,2007,"Sedan, Wagon"

Grace,Baldwin,49,Female,MINI,F150 Super Cab,2013,Van/Minivan

Grace,Roberts,63,Female,Mercedes-Benz,ATS,2006,Wagon

Graeme,Ahmed,62,Male,Chevrolet,RAV4,2020,SUV

Graeme,Foster,23,Male,Buick,Suburban 2500,2004,Van/Minivan

Graeme,Gallagher,68,Male,GMC,Beretta,2016,"Sedan, Coupe, Hatchback"

Graham,Brown,78,Male,Cadillac,MAZDA5,2010,Sedan

Gregory,Knowles,91,Male,GMC,Lancer,2008,Van/Minivan

Gregory,Evans,75,Male,Toyota,i8,2007,Sedan

Gregory,Burke,32,Male,Lexus,Optima,2008,Sedan

Guy,Reid,43,Male,Cadillac,2 Series,2015,SUV

Guy,Begum,57,Male,MINI,Town Car,2013,Coupe

Guy,Mitchell,27,Male,GMC,Sportage,2010,"Sedan, Coupe"

Guy,Evans,44,Male,Pontiac,Titan Crew Cab,2001,Sedan

Guy,Potter,56,Male,Lexus,Mountaineer,2010,Sedan

Guy,Carter,71,Male,Audi,RAV4 Hybrid,2010,SUV

Guy,Parker,60,Male,Oldsmobile,Sierra (Classic) 2500 HD Regular Cab,2019,Van/Minivan

Hannah,Cooke,67,Female,MAZDA,Sprinter 2500 Passenger,2004,SUV

Hannah,Perry,69,Female,GMC,Altima,1994,Sedan

Hannah,Brookes,32,Female,Hyundai,2500 Mega Cab,2004,SUV

Harriet,Murray,19,Female,Acura,Sonata,2015,"Coupe, Sedan, Convertible"

Harry,Tomlinson,63,Male,MAZDA,Malibu,2002,Van/Minivan

Harry,Carter,40,Male,Chevrolet,Integra,2018,SUV

Harry,Lynch,44,Male,Ford,Savana 3500 Cargo,1993,Pickup

Harry,Young,37,Male,Chevrolet,2500 Regular Cab,2006,Wagon

Hayley,Jarvis,48,Female,INFINITI,Envision,2012,Hatchback

Hayley,Skinner,86,Female,Nissan,Grand Caravan Passenger,2007,"Sedan, Wagon"

Hayley,Owen,73,Female,Ferrari,F350 Regular Cab,2000,SUV

Hazel,Thomson,64,Female,MAZDA,Tundra Regular Cab,2007,Sedan

Hazel,Harris,57,Female,GMC,Alpina B7,2017,Sedan

Heather,Walker,42,Female,Hyundai,Grand Prix,2004,SUV

Heather,Brown,56,Female,Acura,E150 Passenger,2011,Sedan

Heather,Haynes,70,Female,Lexus,Q5,1994,SUV

Heather,Harris,65,Female,Hyundai,Vantage,2006,Hatchback

Helen,Holland,45,Female,Hyundai,Sprinter 3500 Cargo,2014,Sedan

Helen,Griffin,54,Female,Mercedes-Benz,M5,2008,Wagon

Helen,Moss,26,Female,Audi,812 Superfast,2012,Hatchback

Henry,Phillips,86,Male,Subaru,E350 Super Duty Cargo,2000,SUV

Henry,Hussain,45,Male,GMC,A6,2005,"Coupe, Convertible"

Hilary,McDonald,50,Female,Dodge,300,2010,Van/Minivan

Hilary,Carr,61,Female,GMC,NV200,2008,SUV

Hollie,Moore,50,Female,Chevrolet,S10 Crew Cab,2019,Pickup

Hollie,Hughes,85,Female,Nissan,Altima,2001,Pickup

Hollie,Walker,23,Female,Mercedes-Benz,Sierra 2500 Extended Cab,2003,SUV

Holly,Pope,55,Female,Dodge,Sonoma Club Coupe Cab,2004,Hatchback

Howard,Morris,59,Male,Toyota,Sprinter 2500 Crew,2008,Pickup

Howard,Faulkner,40,Male,Buick,Accord,2000,Sedan

Howard,Smart,37,Male,Ford,Jetta III,2000,Sedan

Howard,Griffiths,74,Male,GMC,EX,1998,Hatchback

Howard,Doyle,37,Male,Porsche,GL-Class,1994,Van/Minivan

Howard,Powell,20,Male,Mitsubishi,Sierra (Classic) 3500 Extended Cab,1992,Van/Minivan

Hugh,Smith,81,Male,Dodge,Sprinter 2500 Crew,2020,Convertible

Hugh,Moore,54,Male,Toyota,Expedition,1993,Sedan

Hugh,Williams,70,Male,Hyundai,Taurus,2003,SUV

Hugh,Houghton,30,Male,Toyota,F250 Super Duty Regular Cab,1995,Van/Minivan

Hugh,Little,27,Male,Subaru,Millenia,1999,Hatchback

Hugh,Robertson,89,Male,Oldsmobile,Q7,2016,Pickup

Hugh,Lambert,65,Male,Ford,Q,2007,SUV

Hugh,Evans,90,Male,Toyota,Land Cruiser,1996,Sedan

Hugh,Fowler,81,Male,Kia,Paceman,2016,Sedan

Iain,O'Brien,65,Male,Nissan,Sierra 2500 Regular Cab,2016,Pickup

Iain,Dixon,64,Male,Volvo,C/V,2012,SUV

Iain,Williamson,27,Male,Chevrolet,V70,2016,Sedan

Iain,Wilkinson,56,Male,Ford,Grand Cherokee,2011,"Wagon, Sedan"

Ian,Rice,69,Male,Chevrolet,Sierra 2500 HD Double Cab,2001,Sedan

Ian,Mason,52,Male,Chevrolet,Ranger Super Cab,2006,Van/Minivan

Jack,Taylor,90,Male,Mitsubishi,Freestar Passenger,2012,Pickup

Jack,Bennett,58,Male,MAZDA,T100 Regular Cab,2008,Hatchback

Jack,Hughes,76,Male,Mercedes-Benz,Sable,1992,Pickup

Jacob,Fox,52,Male,Chevrolet,Tundra Regular Cab,2001,SUV

Jacob,Humphreys,35,Male,Kia,Swift,2014,Sedan

Jacob,Stanley,84,Male,MAZDA,cube,2000,"Wagon, Sedan"

Jacqueline,Brown,29,Female,Lexus,F350 Super Duty Regular Cab,2015,Van/Minivan

Jacqueline,Little,88,Female,Toyota,Sebring,1998,Pickup

Jacqueline,Boyle,85,Female,Hyundai,XC40,1998,SUV

Jacqueline,Matthews,61,Female,GMC,Silverado 2500 HD Crew Cab,2000,"Sedan, Hatchback"

Jade,Lewis,51,Female,Buick,I,1995,Coupe

Jade,Watts,37,Female,Mitsubishi,Vandura G3500,2002,Pickup

Jake,Cox,47,Male,Dodge,1 Series,1997,Sedan

Jake,Wallace,32,Male,Nissan,1500 Extended Cab,2010,SUV

Jake,Thompson,31,Male,Ford,Montana,2014,SUV

Jake,Cox,82,Male,Volkswagen,E350 Super Duty Passenger,2005,Pickup

Jamie,Ingram,38,Male,FIAT,Brougham,2000,SUV

Jamie,Tucker,22,Male,Ford,Focus,2003,Pickup

Jamie,Webb,33,Male,Jaguar,Town & Country,2012,Van/Minivan

Jamie,Henderson,45,Male,GMC,Ram Wagon 3500,2018,SUV

Jamie,Murphy,54,Male,Chevrolet,QX80,2004,Van/Minivan

Jamie,Fraser,28,Male,Lexus,500L,2010,Hatchback

Jane,Kirk,43,Female,Honda,Grand Marquis,2015,Van/Minivan

Jane,Jones,24,Female,Acura,Ranger Regular Cab,2011,Convertible

Jane,Singh,48,Female,Chevrolet,R8,2017,SUV

Jane,Scott,56,Female,GMC,Corvette,2003,Pickup

Jane,Turner,51,Female,Volvo,Dakota Regular Cab,1995,Convertible

Janet,Briggs,32,Female,Mercedes-Benz,Stratus,2017,Coupe

Janet,Riley,31,Female,Ford,F150 SuperCrew Cab,2020,Pickup

Janet,Farmer,90,Female,Chevrolet,Soul EV,2016,Coupe

Janet,Morris,89,Female,Hyundai,Silverado 1500 Crew Cab,1994,Pickup

Janice,French,49,Female,Isuzu,Tundra Double Cab,2006,Sedan

Janice,Davies,84,Female,Toyota,Model 3,2011,Sedan

Janice,Carey,47,Female,BMW,Ranger Super Cab,2013,Pickup

Jasmine,Stevens,84,Female,BMW,Daytona,2003,SUV

Jason,Barnes,84,Male,Jaguar,Avalon,1997,Wagon

Jason,Smith,32,Male,Volvo,500,1995,Pickup

Jason,Cooke,62,Male,Jaguar,7 Series,1996,Van/Minivan

Jay,Richardson,37,Male,Cadillac,D350 Regular Cab,2003,Van/Minivan

Jayne,Briggs,22,Female,Hyundai,Silverado 1500 LD Double Cab,2008,"Hatchback, Convertible"

Jayne,Lee,33,Female,Ferrari,F350 Super Duty Regular Cab,2004,SUV

Jayne,Bailey,18,Female,Dodge,GLE Coupe,2012,SUV

Jayne,Baker,89,Female,Kia,D150 Regular Cab,1998,Van/Minivan

Jayne,Shepherd,52,Female,Mercedes-Benz,M-Class,2018,Convertible

Jayne,Wilson,69,Female,INFINITI,Ram Van B350,2012,Pickup

Jean,Dickinson,82,Female,Jeep,New Beetle,2000,Pickup

Jean,Barber,51,Female,Ford,XJ,2008,Sedan

Jean,Wilson,25,Female,Subaru,Relay,2000,Coupe

Jean,Mann,37,Female,Mercury,500e,2019,Pickup

Jeffrey,Cameron,46,Male,Chevrolet,H3,2019,SUV

Jeffrey,Howard,53,Male,Audi,Seville,2008,SUV

Jemma,Jones,80,Female,Audi,NV1500 Cargo,2006,Van/Minivan

Jenna,Wells,65,Female,GMC,Concorde,2017,Sedan

Jenna,Jones,76,Female,Mercedes-Benz,Escalade ESV,1999,Sedan

Jenna,Perry,33,Female,Chevrolet,500c,1997,Coupe

Jenna,Evans,86,Female,Honda,S6,1992,SUV

Jennifer,Sharp,53,Female,Audi,Pathfinder,2006,Pickup

Jennifer,James,37,Female,Ford,Venture Cargo,2000,Pickup

Jennifer,Birch,50,Female,Ford,Cadenza,2013,Sedan

Jennifer,Wall,25,Female,Dodge,Range Rover,1997,Pickup

Jeremy,Davies,28,Male,Acura,Intrepid,2009,Sedan

Jeremy,Ryan,81,Male,Pontiac,S8,1995,Sedan

Jessica,Thomas,72,Female,MINI,Regal,2011,"Coupe, Sedan, Convertible"

Jessica,Murray,74,Female,GMC,Sierra 2500 Regular Cab,2012,Pickup

Jessica,Morris,69,Female,Audi,S10 Crew Cab,2004,Pickup

Jill,Bull,31,Female,Audi,RAV4,2015,Convertible

Jill,Campbell,48,Female,Ford,M5,2001,SUV

Jill,Pearce,69,Female,Volkswagen,Sierra 3500 HD Regular Cab,1992,SUV

Joan,Lewis,66,Female,Buick,Beretta,2005,SUV

Joanna,Holmes,59,Female,Audi,Grand Vitara,2008,"Coupe, Convertible"

Joanna,Fowler,39,Female,Audi,Canyon Crew Cab,2016,Van/Minivan

Joanna,Brown,89,Female,Tesla,Sierra 1500 Extended Cab,1996,Sedan

Joanna,Turner,70,Female,Chevrolet,Q5,2011,Sedan

Joanne,Fisher,74,Female,GMC,Sierra 3500 Regular Cab,1995,Sedan

Joanne,Williams,31,Female,Nissan,E350 Super Duty Cargo,2018,Coupe

Joanne,Fowler,62,Female,Mercedes-Benz,Express 1500 Cargo,2005,Sedan

Jodie,Cross,86,Female,Cadillac,SQ5,2016,"Coupe, Convertible"

Jodie,Taylor,40,Female,Chevrolet,Galant,2010,"Sedan, Coupe, Convertible"

Jodie,Robinson,77,Female,Mercedes-Benz,Cayman,2004,Hatchback

Joel,Middleton,65,Male,Nissan,Silverado (Classic) 2500 HD Extended Cab,2005,Hatchback

John,Ferguson,34,Male,Lincoln,MAZDA2,2008,Van/Minivan

Jonathan,Herbert,72,Male,Subaru,Jetta,2010,Sedan

Jordan,Humphries,69,Male,Suzuki,Land Cruiser,2017,Sedan

Jordan,Williams,82,Male,GMC,3-Sep,2014,Wagon

Jordan,Mills,28,Male,Jaguar,Q7,2005,Sedan

Joseph,Edwards,87,Male,Audi,ES,2008,"Sedan, Coupe, Convertible, Wagon"

Joseph,Hughes,50,Male,Ford,MX-6,2004,SUV

Joseph,Ellis,20,Male,Hyundai,LeSabre,2004,Sedan

Joseph,Harrison,74,Male,Dodge,Neon,2003,SUV

Joseph,Barnes,50,Male,Ram,Lancer,2006,Coupe

Joseph,Begum,57,Male,Audi,F12berlinetta,1992,SUV

Josephine,Burns,18,Female,BMW,Milan,2007,"Sedan, Coupe"

Josephine,Bishop,76,Female,Porsche,Cabriolet,2000,Sedan

Josephine,Dunn,70,Female,Ford,F350 Crew Cab,2007,SUV

Josephine,James,49,Female,INFINITI,Sorento,1997,SUV

Josephine,Kirby,41,Female,Chrysler,G-Series G10,2008,Pickup

Josephine,Rice,64,Female,Nissan,E-Class,2008,"Sedan, Wagon"

Josh,Cooper,42,Male,Acura,Cabrio,2008,"Coupe, Convertible"

Josh,Gough,58,Male,Toyota,Focus,2016,"Coupe, Convertible"

Josh,Ball,75,Male,BMW,Accord,2013,Pickup

Joshua,Smith,90,Male,Audi,Silverado 1500 Extended Cab,2008,Pickup

Joshua,Lane,29,Male,Buick,Pacifica,2008,Coupe

Joshua,James,26,Male,Ford,Breeze,2015,"Sedan, Coupe, Convertible"

Joshua,Stewart,50,Male,Volvo,Impreza,1997,Sedan

Joshua,Smith,43,Male,BMW,Boxster,2007,Pickup

Joyce,Yates,30,Female,Genesis,E350 Super Duty Cargo,2002,SUV

Joyce,Briggs,54,Female,Kia,Ram 2500 Quad Cab,2012,SUV

Joyce,Smart,22,Female,GMC,Convertible,2011,Coupe

Judith,Young,65,Female,Chrysler,fortwo electric drive,2012,Sedan

Julia,Murphy,41,Female,Isuzu,F150 Regular Cab,2004,Convertible

Julia,Hurst,70,Female,GMC,Q50,2012,Van/Minivan

Julia,Parsons,91,Female,Toyota,G-Class,2018,Coupe

Julia,Burton,80,Female,Land Rover,RC,1995,"Sedan, Wagon"

Julian,Young,69,Male,GMC,Phaeton,2006,Hatchback

Julian,Davidson,47,Male,Chevrolet,Alero,2007,Sedan

Julian,Griffiths,89,Male,Toyota,Metris Cargo,2014,SUV

Julian,Randall,86,Male,Toyota,Genesis Coupe,2014,"Convertible, Hatchback"

Julian,Cook,82,Male,Chevrolet,Aerostar Cargo,2016,Sedan

Julian,Sheppard,43,Male,Chevrolet,Montero Sport,1999,Pickup

Julie,Whitehouse,61,Female,Chevrolet,M,2003,"Sedan, Wagon"

Julie,Brown,61,Female,Chevrolet,Envoy,2020,SUV

Julie,Brooks,76,Female,Toyota,TL,1995,Pickup

June,O'Brien,27,Female,Acura,Terrain,2005,Pickup

June,Lamb,27,Female,Ford,XT5,2006,Wagon

June,Tucker,83,Female,Chevrolet,Sienna,2009,Pickup

Justin,Walker,29,Male,Toyota,Continental,2012,Sedan

Justin,Robinson,26,Male,Chevrolet,Silverado 2500 HD Double Cab,2007,Sedan

Justin,Brown,41,Male,Buick,F350 Super Duty Crew Cab,2003,Sedan

Justin,Doyle,38,Male,Tesla,Neon,2010,"Coupe, Convertible"

Karen,Connolly,20,Female,Nissan,Camry,2014,SUV

Karen,Baxter,38,Female,Mitsubishi,XK,2018,Sedan

Karen,Stewart,28,Female,Mercedes-Benz,Sierra 1500 Regular Cab,2003,"Sedan, Wagon"

Karen,Edwards,44,Female,Isuzu,M2,2003,"Convertible, Hatchback"

Karl,Knight,79,Male,GMC,LS,2006,SUV

Karl,Miles,72,Male,Kia,Sentra,2007,SUV

Karl,Brady,53,Male,Subaru,Ram 1500 Quad Cab,2000,Pickup

Karl,Jones,18,Male,Chevrolet,Crown Victoria,2004,"Sedan, Wagon"

Karl,Davies,87,Male,Chevrolet,MX-5 Miata RF,1998,"Sedan, Coupe"

Karl,Johnson,78,Male,Bentley,Wrangler,2000,Sedan

Karl,Barber,34,Male,Lincoln,X6,1999,Sedan

Kate,Green,76,Female,Audi,626,2014,Van/Minivan

Kate,Pugh,77,Female,Ford,Forte Koup,2009,Sedan

Kate,Wright,80,Female,Chevrolet,300ZX,1997,Van/Minivan

Kate,Talbot,43,Female,Ford,Uplander Passenger,2019,Van/Minivan

Katherine,Cartwright,18,Female,Nissan,Insight,2010,Pickup

Katherine,Hutchinson,74,Female,MAZDA,Bolt EV,2006,Sedan

Katherine,Higgins,23,Female,Nissan,iM,2000,Sedan

Katherine,Taylor,56,Female,Pontiac,Wrangler,2016,Van/Minivan

Kathleen,Hart,32,Female,Nissan,Yukon,2009,"Sedan, Hatchback"

Kathleen,Phillips,81,Female,Ford,Venture Passenger,2002,Pickup

Kathryn,Williams,79,Female,Jeep,A8,2019,Pickup

Katie,Reed,70,Female,INFINITI,MR2,2016,Pickup

Katy,Gilbert,50,Female,Chevrolet,Phantom,1992,Convertible

Katy,Dixon,35,Female,Lexus,LaCrosse,2019,Van/Minivan

Kayleigh,Holmes,64,Female,Dodge,A3,2003,Pickup

Kayleigh,Allen,61,Female,Land Rover,Express 1500 Passenger,1999,Pickup

Kayleigh,Fox,64,Female,MAZDA,Grand Am,2002,Van/Minivan

Kayleigh,Cox,40,Female,Cadillac,C-Class,2010,SUV

Kayleigh,Graham,68,Female,Nissan,Beretta,2002,Van/Minivan

Keith,Edwards,89,Male,Hyundai,RX,2012,Sedan

Keith,Jones,48,Male,Toyota,Beretta,2009,Van/Minivan

Kelly,Williams,61,Female,Bentley,SSR,2009,"Convertible, Coupe"

Kelly,Dodd,60,Female,GMC,Ram Van 3500,2014,Pickup

Kelly,Nicholson,75,Female,Scion,Maxima,2017,Sedan

Kelly,Dickinson,72,Female,Chevrolet,Cayman,2016,Sedan

Kelly,Moss,80,Female,Honda,Rocky,1996,Sedan

Kenneth,Ali,64,Male,Kia,Stratus,2011,SUV

Kenneth,King,19,Male,INFINITI,C-Class,2020,Convertible

Kenneth,Andrews,89,Male,Kia,Tahoe,2007,Sedan

Kenneth,Chambers,53,Male,Subaru,Cabrio,1994,Sedan

Kerry,Law,37,Female,Nissan,Jetta,2001,Hatchback

Kerry,Harris,80,Female,GMC,Ram 3500 Mega Cab,1993,Hatchback

Kerry,White,37,Female,Saturn,X5,2013,Sedan

Kerry,Bennett,82,Female,Pontiac,Metris Cargo,2009,SUV

Kevin,Owen,87,Male,BMW,CLA,2017,Van/Minivan

Kieran,Cole,18,Male,Honda,Mirage,2007,SUV

Kieran,Godfrey,64,Male,Hyundai,Grand Cherokee,2016,SUV

Kieran,Riley,57,Male,GMC,Cayenne,2010,"Convertible, Coupe"

Kieran,Robinson,58,Male,BMW,Ram Wagon 2500,2006,Hatchback

Kieran,Reeves,19,Male,INFINITI,S-Class,1994,Sedan

Kieran,Williams,56,Male,Dodge,5-Sep,2011,Sedan

Kim,Johnson,84,Female,BMW,NV200 Taxi,2020,Van/Minivan

Kim,Gibson,39,Female,Mitsubishi,Ram Wagon B350,1994,Sedan

Kimberley,Bailey,81,Female,Dodge,Genesis,2008,"Sedan, Wagon"

Kimberley,Lee,89,Female,Chevrolet,Intrigue,2004,"Sedan, Wagon"

Kimberley,Booth,89,Female,Chevrolet,Savana 2500 Passenger,2018,SUV

Kimberley,Dixon,40,Female,Jeep,Rogue,2010,"Sedan, Coupe"

Kyle,Hughes,65,Male,Nissan,Rio,1995,"Sedan, Hatchback"

Kyle,Dunn,81,Male,BMW,968,1995,Coupe

Kyle,Edwards,72,Male,Chevrolet,S80,2011,Van/Minivan

Kyle,Brookes,42,Male,Nissan,Niro,2015,Van/Minivan

Kyle,Lawson,63,Male,Dodge,CTS,2010,SUV

Kyle,Ali,83,Male,Buick,Equinox,1999,Pickup

Laura,Fowler,39,Female,Audi,X3,2013,Coupe

Laura,White,91,Female,Chevrolet,Jetta,2005,Sedan

Lauren,Walker,48,Female,MAZDA,Vibe,2017,"Hatchback, Convertible"

Lauren,Atkinson,21,Female,Kia,Prius,1997,Sedan

Lauren,Hawkins,67,Female,Nissan,Suburban 2500,2007,SUV

Lawrence,Ford,77,Male,GMC,Mirage G4,2014,Pickup

Lawrence,Bailey,33,Male,Honda,Ram 2500 Regular Cab,1998,Convertible

Leah,Freeman,44,Female,Mercedes-Benz,GS,2005,Pickup

Leanne,Burns,20,Female,Volkswagen,A6,2016,SUV

Leanne,Birch,89,Female,Nissan,300 E,2017,Van/Minivan

Leanne,Clayton,19,Female,Ford,Mustang,2000,Pickup

Leanne,Andrews,86,Female,Chevrolet,Impreza,2003,Van/Minivan

Lee,Archer,32,Male,Ford,Clubman,2010,Sedan

Leigh,Thompson,55,Male,BMW,Elise,2002,Convertible

Leigh,Clarke,55,Male,Hyundai,Express 3500 Cargo,1995,"Convertible, Coupe"

Leigh,Taylor,24,Male,INFINITI,Continental,2007,Pickup

Leonard,Robinson,88,Male,Kia,Maxima,2020,Sedan

Leonard,Long,76,Male,Mercedes-Benz,Spark,2004,Pickup

Leonard,Nelson,38,Male,Subaru,Tacoma Xtracab,2019,"Sedan, Hatchback"

Leonard,Harris,77,Male,Rolls-Royce,Colorado Crew Cab,2003,Sedan

Lesley,Patterson,24,Female,Audi,Silverado 1500 Double Cab,2019,Sedan

Lesley,Ryan,85,Female,Pontiac,2500 Regular Cab,2003,"Sedan, Wagon, Convertible, Coupe"

Lesley,Kelly,68,Female,Maserati,GS,2018,SUV

Lesley,Walker,45,Female,Ram,E150 Passenger,1992,SUV

Lesley,Williams,53,Female,Scion,Sierra 2500 HD Regular Cab,2003,Convertible

Leslie,Phillips,86,Male,Ford,Canyon Crew Cab,2011,Coupe

Leslie,Clark,85,Male,Volkswagen,Bonneville,2009,SUV

Lewis,Coleman,47,Male,Dodge,CX-9,2013,Pickup

Lewis,Chapman,71,Male,Hyundai,Prius Plug-in Hybrid,2008,"Coupe, Convertible, Sedan, Wagon"

Lewis,Phillips,53,Male,Lamborghini,Cayenne,2000,Pickup

Lewis,Smith,24,Male,Chevrolet,Paseo,2014,Sedan

Lewis,Begum,41,Male,Honda,Sierra 3500 Regular Cab,1994,Sedan

Lewis,Smith,40,Male,Jeep,Silverado 2500 HD Crew Cab,1999,Coupe

Lewis,Jones,73,Male,GMC,E350 Super Duty Cargo,2006,Sedan

Liam,Wood,49,Male,Pontiac,LX,2020,Hatchback

Liam,Kay,61,Male,Pontiac,Venza,2014,Convertible

Liam,Ryan,20,Male,Jeep,Sunfire,2015,Sedan

Lindsey,McDonald,53,Female,Audi,Equator Crew Cab,2016,Van/Minivan

Lindsey,Bailey,23,Female,Toyota,Mustang,2007,Hatchback

Lisa,Harris,70,Female,Mercedes-Benz,Savana 1500 Cargo,2009,Van/Minivan

Lorraine,Simpson,35,Female,Saab,Corolla,2006,"Convertible, Coupe"

Lorraine,Wyatt,52,Female,Daewoo,XC70,2017,SUV

Lorraine,Morris,76,Female,GMC,Z4,2019,Sedan

Lorraine,Hargreaves,77,Female,Toyota,Prius,2007,Sedan

Lorraine,Randall,46,Female,Honda,Tundra CrewMax,1997,Van/Minivan

Lorraine,Williamson,75,Female,GMC,RL,2020,Sedan

Louis,Gardiner,31,Male,Honda,57,1997,Hatchback

Louis,Elliott,65,Male,GMC,MX-5 Miata,2014,"Sedan, Hatchback"

Louis,Davies,59,Male,Acura,488 GTB,2002,Sedan

Louise,Wade,50,Female,INFINITI,Kicks,2016,"Coupe, Sedan"

Louise,Barnett,53,Female,Mercedes-Benz,Tundra Double Cab,1994,SUV

Louise,Harrison,44,Female,Mitsubishi,Savana 2500 Passenger,2014,SUV

Louise,Metcalfe,65,Female,Ford,Silverado (Classic) 3500 Extended Cab,2001,Pickup

Lucy,Dean,29,Female,Porsche,M,2004,Pickup

Lucy,Day,79,Female,HUMMER,S-Class,2005,Pickup

Lucy,George,47,Female,Freightliner,Durango,2014,SUV

Lucy,Patel,25,Female,INFINITI,MAZDA6,2006,Sedan

Luke,Butcher,32,Male,GMC,1500 Regular Cab,2004,Coupe

Luke,Williams,77,Male,Buick,S80,1993,Sedan

Luke,Kaur,38,Male,GMC,F350 Super Duty Super Cab,2002,Sedan

Luke,Stephenson,27,Male,Ferrari,Stratus,1997,Sedan

Lydia,Harvey,77,Female,Mercury,Hombre Regular Cab,1993,Van/Minivan

Lydia,Jones,55,Female,Nissan,Rio,2013,SUV

Lydia,Davies,79,Female,Nissan,Supra,2019,Sedan

Lynn,Murray,40,Female,Pontiac,86,2013,SUV

Lynn,Norris,30,Female,Chevrolet,Passat,1998,Pickup

Lynn,Bradley,82,Female,GMC,CX-7,2012,Van/Minivan

Lynne,Hudson,37,Female,Subaru,Forte,1993,Convertible

Lynne,Smith,91,Female,Volvo,Exige,1995,SUV

Lynne,Gallagher,44,Female,Ford,Cruze,1995,SUV

Malcolm,Buckley,22,Male,Bentley,V70,2017,Hatchback

Malcolm,Clarke,90,Male,Nissan,ELR,2016,Sedan

Mandy,Parsons,52,Female,Oldsmobile,Taurus,2004,SUV

Marc,Williams,28,Male,Jeep,Suburban 1500,2002,SUV

Marc,Armstrong,55,Male,Mercedes-Benz,M-Class,1997,Van/Minivan

Marc,Cook,31,Male,Nissan,fortwo electric drive,2019,Sedan

Marc,Cooper,85,Male,Mercedes-Benz,S60,2005,"Wagon, Sedan"

Marc,Mitchell,64,Male,Cadillac,Elantra GT,2012,Sedan

Marc,Edwards,21,Male,Nissan,F350 Super Duty Crew Cab,2012,SUV

Marcus,Walters,66,Male,Toyota,G-Class,2013,Convertible

Marcus,Richardson,82,Male,Dodge,Optima,2001,Sedan

Marcus,Morris,58,Male,GMC,Fiesta,2019,Pickup

Marcus,Yates,24,Male,Honda,F12berlinetta,2009,"Coupe, Sedan, Convertible"

Margaret,Harris,23,Female,Nissan,Matrix,2002,"Sedan, Hatchback"

Margaret,Jennings,87,Female,Ford,ILX,2017,SUV

Margaret,Foster,54,Female,Subaru,Focus,1994,Van/Minivan

Margaret,Ball,19,Female,Dodge,Macan,2012,Hatchback

Margaret,Robinson,91,Female,Chevrolet,Tahoe,2007,"Sedan, Wagon"

Maria,Jones,66,Female,Mitsubishi,Yukon XL 2500,2014,Van/Minivan

Maria,Gilbert,58,Female,Ford,Tacoma Xtracab,1994,"Hatchback, Sedan"

Maria,Allen,50,Female,Isuzu,1500 Extended Cab,1992,Pickup

Maria,Campbell,22,Female,MAZDA,Aventador,1995,Pickup

Maria,Davies,44,Female,Chrysler,7 Series,2001,SUV

Marian,Barry,72,Female,HUMMER,Regular Cab,2002,SUV

Marie,Mason,26,Female,Hyundai,Suburban 1500,1996,SUV

Marilyn,Gill,83,Female,Rolls-Royce,Optima,1994,Pickup

Marilyn,Jenkins,69,Female,Chevrolet,DeVille,1997,"Sedan, Hatchback"

Marilyn,Smith,90,Female,Hyundai,Accord,2009,Pickup

Marilyn,Parsons,19,Female,Suzuki,MPV,2016,"Sedan, Wagon"

Marilyn,Bradley,74,Female,Hyundai,XK,1997,Sedan

Martin,White,79,Male,Chevrolet,Q,2002,Wagon

Martin,Smith,31,Male,GMC,3500 Regular Cab,2018,Pickup

Martin,Scott,61,Male,Ford,Grand Caravan Passenger,2016,SUV

Martyn,Ward,50,Male,Nissan,TL,2004,SUV

Martyn,King,87,Male,Mitsubishi,Hardtop 2 Door,2014,Sedan

Martyn,Gardner,82,Male,Chevrolet,Yaris,2000,Coupe

Mary,Austin,87,Female,Subaru,SLK-Class,2012,"Sedan, Hatchback"

Mary,Flynn,84,Female,Daewoo,B9 Tribeca,2016,"Sedan, Coupe"

Mathew,Jones,73,Male,MAZDA,1500 Club Coupe,1999,SUV

Mathew,Lambert,58,Male,Mitsubishi,Neon,2019,"Coupe, Convertible"

Mathew,Bennett,36,Male,Chevrolet,Range Rover,2011,SUV

Mathew,Lee,86,Male,GMC,Probe,2019,Sedan

Matthew,Brown,74,Male,Chrysler,Sierra 1500 Regular Cab,2013,SUV

Matthew,Rose,32,Male,Mercedes-Benz,Mustang,2003,SUV

Matthew,Welch,53,Male,GMC,G,2004,Pickup

Maureen,Richardson,57,Female,Nissan,Neon,2013,SUV

Maureen,Marshall,73,Female,Porsche,Silverado 1500 Extended Cab,2009,Sedan

Maureen,Goodwin,23,Female,MAZDA,650S,2019,Van/Minivan

Maurice,Clarke,81,Male,FIAT,Range Rover Sport,2006,SUV

Maurice,Bruce,64,Male,Acura,Rogue,1998,SUV

Max,Smith,37,Male,Porsche,GS,2008,"Sedan, Wagon"

Max,Owen,34,Male,Hyundai,Grand Caravan Cargo,2019,"Wagon, Sedan"

Megan,Clark,39,Female,Hyundai,Ram 2500 Mega Cab,2014,SUV

Megan,Reid,28,Female,Lexus,Impreza,2000,SUV

Megan,Marsh,80,Female,Chevrolet,Sunbird,1993,Hatchback

Megan,Khan,85,Female,Buick,ES,2016,Coupe

Melanie,Simpson,34,Female,Lincoln,F350 Super Duty Crew Cab,2004,Coupe

Melissa,Martin,47,Female,Eagle,Avalon,1999,Sedan

Michael,Griffiths,52,Male,Jeep,Aveo,2000,SUV

Michael,Howard,85,Male,Toyota,Sentra,2008,SUV

Michael,Williams,87,Male,Ford,Altima,2016,"Wagon, Sedan"

Michelle,Davison,41,Female,Cadillac,Sprinter WORKER Cargo,2003,Convertible

Michelle,Storey,38,Female,Volkswagen,Tacoma Regular Cab,2014,Pickup

Michelle,Payne,47,Female,BMW,Sorento,2019,Van/Minivan

Mitchell,Edwards,20,Male,Volkswagen,Dakota Club Cab,1998,Coupe

Mitchell,Jones,35,Male,Hyundai,Camry,2008,Van/Minivan

Mohamed,Jones,74,Male,GMC,CR-V,2017,SUV

Mohamed,Lynch,87,Male,Land Rover,GTI,1996,Convertible

Mohamed,Gallagher,47,Male,Mercedes-Benz,RAV4,2011,Coupe

Mohammad,Chapman,59,Male,Ford,Altima,2005,SUV

Mohammed,Thomas,58,Male,Dodge,XC90,1997,SUV

Mohammed,Sharp,80,Male,Jeep,Nautilus,2006,Wagon

Mohammed,Clark,19,Male,Honda,Outlander,2019,Van/Minivan

Molly,Wilson,25,Female,Scion,Sprinter 2500 Crew,2014,Coupe

Naomi,Allan,37,Female,GMC,Eos,2014,Pickup

Naomi,Taylor,59,Female,Eagle,5 Series,2013,Van/Minivan

Natalie,Nicholson,89,Female,Toyota,RLX Sport Hybrid,1998,Pickup

Natalie,Wood,68,Female,Nissan,Clarity Electric,1999,Sedan

Natalie,Cox,79,Female,Nissan,Discovery Sport,2005,Pickup

Natalie,Barber,71,Female,Porsche,RLX,2009,Hatchback

Natasha,Dean,63,Female,Chrysler,Lancer,2010,Hatchback

Natasha,Kennedy,51,Female,Saturn,Trooper,2017,Van/Minivan

Nathan,Cooper,91,Male,Nissan,NSX,2014,Sedan

Nathan,Gibson,37,Male,Dodge,Yukon XL 1500,2006,SUV

Neil,Stephenson,50,Male,Volvo,F-PACE,2004,"Hatchback, Convertible"

Neil,Campbell,56,Male,MAZDA,200SX,2015,SUV

Nicholas,Barlow,52,Male,GMC,Jetta,2016,Pickup

Nicholas,Spencer,71,Male,GMC,RAV4,2002,SUV

Nicholas,Price,82,Male,Toyota,Hardtop 2 Door,2003,Van/Minivan

Nicholas,Richardson,23,Male,Porsche,MDX,2008,Sedan

Nicholas,Francis,73,Male,Audi,DeVille,2003,"Coupe, Sedan"

Nicholas,Gray,69,Male,Hyundai,Maxima,1995,SUV

Nicola,Morris,34,Female,Mercedes-Benz,STS,1992,SUV

Nicola,Bruce,86,Female,Lexus,Touareg,2015,Van/Minivan

Nicola,Allen,80,Female,BMW,Eurovan,2014,Wagon

Nicola,Gordon,71,Female,Chevrolet,Sunfire,2017,Van/Minivan

Nicole,O'Brien,72,Female,Ford,Gladiator,2011,Sedan

Nicole,Chan,47,Female,BMW,GLA,2016,SUV

Nigel,Robson,58,Male,Volvo,Elantra,1999,SUV

Norman,Parkinson,45,Male,Dodge,Mercedes-AMG GT,2008,SUV

Norman,Bradley,26,Male,Ram,Virage,2013,Pickup

Oliver,Walker,41,Male,Honda,Rodeo,2016,Sedan

Oliver,Booth,90,Male,Ford,E150 Cargo,2000,"Convertible, Wagon, Coupe, Sedan"

Oliver,Buckley,42,Male,Chevrolet,Land Cruiser,1999,Pickup

Oliver,Hart,51,Male,Chevrolet,Fusion,2018,SUV

Olivia,Reid,51,Female,Jaguar,RX,2020,Hatchback

Olivia,Gray,71,Female,Cadillac,Sedona,2019,Pickup

Olivia,Murphy,49,Female,Volvo,Amanti,2001,"Sedan, Coupe"

Olivia,Ward,38,Female,Subaru,Nitro,2006,Van/Minivan

Owen,Doherty,21,Male,Honda,Magnum,2006,Van/Minivan

Owen,Jones,74,Male,Porsche,Compass,2015,Sedan

Owen,Jones,55,Male,Mercedes-Benz,Venza,2007,Coupe

Owen,Benson,41,Male,Geo,Avalanche 2500,2015,Van/Minivan

Owen,Mistry,87,Male,Honda,Savana 1500 Cargo,2011,SUV

Owen,Barnett,60,Male,Lexus,A6,2016,Sedan

Paige,Saunders,36,Female,Maserati,Silverado 1500 Crew Cab,2013,"Sedan, Wagon, Convertible"

Pamela,Bailey,45,Female,Toyota,5 Series,1992,Sedan

Pamela,Hewitt,21,Female,Chevrolet,Range Rover Sport,2016,Coupe

Pamela,Lewis,32,Female,Bentley,240SX,2018,"Sedan, Coupe, Convertible"

Patricia,Lee,67,Female,Volvo,Avalon,2017,"Coupe, Convertible"

Patricia,Murray,39,Female,Audi,Sierra 1500 Regular Cab,2019,Pickup

Patricia,Robinson,28,Female,Dodge,6 Series,2012,Coupe

Patrick,Norton,35,Male,Mercury,MKC,2002,SUV

Patrick,Fisher,21,Male,Pontiac,Savana 3500 Passenger,2007,"Hatchback, Coupe, Convertible"

Patrick,Richardson,72,Male,Nissan,Venture Cargo,2014,SUV

Patrick,Phillips,26,Male,Toyota,GT-R,2006,"Sedan, Coupe, Wagon"

Patrick,Hawkins,25,Male,Kia,Econoline E150 Cargo,2010,Sedan

Paul,Robertson,89,Male,Ford,M6,1999,SUV

Paula,Taylor,89,Female,Ford,Sentra,2016,SUV

Paula,Davies,53,Female,Hyundai,Ram 2500 Quad Cab,1999,Sedan

Paula,Field,42,Female,INFINITI,Focus ST,2008,Sedan

Paula,Hart,40,Female,Ford,Commander,2014,SUV

Pauline,Hunter,48,Female,Chevrolet,RDX,2004,Van/Minivan

Peter,Higgins,61,Male,Dodge,Silverado 3500 Extended Cab,2016,Sedan

Peter,Parkinson,40,Male,Bentley,Catera,2007,SUV

Philip,Bell,77,Male,Cadillac,Civic,1999,SUV

Phillip,Butler,79,Male,Pontiac,370Z,2005,Sedan

Phillip,Mahmood,19,Male,Lincoln,M5,2014,Van/Minivan

Phillip,Allen,54,Male,Saab,TLX,2007,SUV

Rachael,Clark,71,Female,Lincoln,Astro Passenger,2017,"Sedan, Coupe, Hatchback"

Rachel,Jones,66,Female,Toyota,Tempo,2017,Van/Minivan

Rachel,Jones,49,Female,Chevrolet,Wrangler,1993,"Sedan, Wagon"

Rachel,Fisher,67,Female,Suzuki,CX-5,2008,SUV

Rachel,Matthews,18,Female,Volkswagen,Terrain,1999,Sedan

Rachel,Fry,37,Female,GMC,G,2017,SUV

Rebecca,Coleman,67,Female,Chevrolet,Fusion,2006,Sedan

Rebecca,Ford,68,Female,Nissan,300M,2000,"Sedan, Wagon, Coupe"

Rebecca,Faulkner,83,Female,Toyota,Spectra,2015,"Sedan, Coupe, Wagon"

Rebecca,Carter,72,Female,Mercedes-Benz,Sierra 1500 Double Cab,2014,SUV

Rebecca,Roberts,65,Female,Kia,Express 2500 Passenger,2012,Coupe

Rebecca,Smith,54,Female,Toyota,Corvette,1992,Sedan

Rebecca,Smith,78,Female,Lexus,Sonata Plug-in Hybrid,2014,Coupe

Reece,Wilson,20,Male,Mercedes-Benz,F250 Regular Cab,2007,"Sedan, Wagon"

Reece,Watson,54,Male,Nissan,Jetta,2012,Hatchback

Reece,Hargreaves,44,Male,Chevrolet,F350 Super Duty Regular Cab,1996,Sedan

Reece,Holmes,24,Male,Subaru,Flex,1998,SUV

Reece,Griffin,81,Male,Geo,Pacifica Hybrid,2011,Van/Minivan

Richard,Jones,52,Male,Chevrolet,LEAF,2000,Coupe

Richard,Reid,41,Male,Lincoln,Ioniq Electric,2009,SUV

Richard,Roberts,62,Male,Dodge,Sierra 3500 HD Crew Cab,2017,Van/Minivan

Ricky,Daly,19,Male,Chevrolet,I,2008,Sedan

Ricky,Young,60,Male,Audi,Civic,2004,Pickup

Ricky,Crawford,84,Male,Mitsubishi,124 Spider,2012,Pickup

Ricky,Smith,26,Male,Kia,LX,2015,Wagon

Ricky,Duffy,21,Male,Mercedes-Benz,Expedition EL,2008,Sedan

Ricky,Cameron,58,Male,Ram,Enclave,2004,Pickup

Rita,Robinson,38,Female,Chevrolet,Mercedes-AMG G-Class,2014,Pickup

Rita,Green,47,Female,Oldsmobile,CLS-Class,2006,Coupe

Rita,Jennings,85,Female,Dodge,Sonata,2016,Sedan

Rita,Griffiths,38,Female,Toyota,Tundra Double Cab,2017,SUV

Rita,Young,84,Female,Chrysler,3-Sep,2018,SUV

Rita,Price,55,Female,Mercedes-Benz,LS,1995,SUV

Rita,Wilkins,63,Female,Ford,Focus,1996,SUV

Robert,Taylor,46,Male,Kia,Caravan Cargo,2007,Sedan

Robert,Smith,54,Male,Ford,EX,2017,Sedan

Robert,Norton,81,Male,Ford,Raider Double Cab,1997,SUV

Robert,White,27,Male,Nissan,Crossfire,2008,"Sedan, Wagon"

Robert,Ferguson,31,Male,Mercedes-Benz,RC,1994,SUV

Robert,Owen,65,Male,Isuzu,Montero,2011,Pickup

Robin,Dawson,66,Male,Chevrolet,H1,2011,Van/Minivan

Robin,Young,48,Male,Mercedes-Benz,Pacifica,2002,Sedan

Robin,Sheppard,79,Male,Bentley,G-Series G30,2011,SUV

Robin,Cook,69,Male,Hyundai,Wrangler,2005,Sedan

Roger,Mason,42,Male,Land Rover,Sprinter 2500 Cargo,2011,"Wagon, Sedan"

Roger,Hammond,75,Male,Jeep,X-Type,2005,Pickup

Roger,King,86,Male,Mercury,Precis,2009,Van/Minivan

Roger,Brown,28,Male,GMC,IS F,2001,Sedan

Roger,Smith,70,Male,Dodge,Milan,2012,Sedan

Roger,Williams,91,Male,BMW,Explorer,2019,Hatchback

Roger,Parker,55,Male,Ford,SL-Class,2005,SUV

Roger,Pope,57,Male,Volvo,LR2,2020,Pickup

Ronald,Bishop,83,Male,Saturn,Sequoia,2015,Pickup

Ronald,Harding,80,Male,Nissan,Rogue Sport,2009,Sedan

Ronald,Davies,54,Male,Acura,GX,2019,Sedan

Rosemary,Williams,22,Female,Dodge,Cherokee,2017,"Coupe, Hatchback, Convertible, Sedan"

Rosemary,Wilson,91,Female,Toyota,Quest,2016,Pickup

Rosemary,Khan,33,Female,Honda,Sonoma Club Coupe Cab,1997,SUV

Rosie,Stewart,21,Female,Kia,CL-Class,2014,Hatchback

Rosie,Barrett,33,Female,Mitsubishi,B-Series Regular Cab,2010,Van/Minivan

Rosie,Alexander,65,Female,Volvo,Leganza,1992,Sedan

Ross,Martin,36,Male,Genesis,SC,2015,Van/Minivan

Ross,Smith,52,Male,Chevrolet,M3,1993,"Sedan, Wagon"

Ross,Marshall,40,Male,Mercedes-Benz,MR2,2006,SUV

Ross,Law,47,Male,Suzuki,Mustang,1997,Coupe

Roy,Moore,34,Male,Honda,Silverado 3500 Regular Cab,2019,Sedan

Roy,Frost,75,Male,Pontiac,Suburban 2500,2010,SUV

Roy,Mason,20,Male,Chevrolet,M-Class,2013,Van/Minivan

Roy,Pugh,37,Male,Jaguar,Savana 3500 Passenger,1992,Pickup

Roy,Daniels,50,Male,Volkswagen,9000,2018,Van/Minivan

Roy,Reid,32,Male,Cadillac,Highlander,2005,Coupe

Russell,Smith,74,Male,Lexus,SL-Class,2008,SUV

Russell,Coates,71,Male,BMW,MDX,2016,Sedan

Ruth,Howells,77,Female,Nissan,F250 Super Cab,2001,Sedan

Ruth,Ryan,31,Female,Toyota,570S,1999,Convertible

Ryan,Kent,85,Male,Volvo,F150 SuperCrew Cab,1997,Van/Minivan

Ryan,Hudson,48,Male,Acura,F150 Super Cab,1993,Hatchback

Sally,Thomas,62,Female,Mercedes-Benz,S7,2018,SUV

Sally,Stevens,87,Female,Oldsmobile,Stealth,2015,"Coupe, Convertible"

Sally,Rowe,77,Female,Toyota,F250 Super Cab,2011,SUV

Sam,Wells,19,Male,Ford,Freestyle,2005,Sedan

Sam,Foster,88,Male,BMW,4 Series,1992,"Coupe, Sedan, Wagon"

Samantha,Norman,19,Female,Aston Martin,Silverado 3500 HD Regular Cab,1995,SUV

Samantha,Wallace,62,Female,Eagle,4Runner,2002,Van/Minivan

Samantha,Taylor,31,Female,Honda,Civic,2000,SUV

Samuel,Anderson,45,Male,Rolls-Royce,F-TYPE,2018,Sedan

Samuel,Kennedy,35,Male,Mercedes-Benz,Canyon Extended Cab,1994,"Sedan, Wagon"

Samuel,Rees,59,Male,Mercedes-Benz,Z4,2012,Hatchback

Samuel,Chapman,48,Male,Volvo,MKT,2006,Wagon

Sandra,Green,43,Female,Buick,Yaris,2010,SUV

Sandra,Williams,30,Female,Pontiac,F150 Super Cab,2011,Van/Minivan

Sandra,Bell,91,Female,GMC,Scoupe,2018,Sedan

Sandra,Gill,46,Female,Volkswagen,Trax,2009,Convertible

Sara,Taylor,27,Female,Aston Martin,Q5,1995,"Hatchback, Sedan"

Sara,Stewart,54,Female,Saab,C-MAX Hybrid,2002,Sedan

Sarah,Brown,83,Female,Ford,Town & Country,1994,Convertible

Sarah,Stewart,64,Female,Cadillac,MAZDA6,2006,Sedan

Sarah,Wilkins,88,Female,Lotus,Tundra Double Cab,2018,"Coupe, Convertible"

Scott,Newman,20,Male,Ford,Taurus,2016,Sedan

Scott,Wong,37,Male,Chevrolet,Transit Connect Cargo,1995,SUV

Scott,Sanderson,81,Male,Buick,940,1999,Pickup

Scott,Khan,89,Male,GMC,EcoSport,1999,Pickup

Scott,Lyons,61,Male,Oldsmobile,S8,1995,Pickup

Sean,Wilson,79,Male,Chevrolet,Civic,2008,Coupe

Sean,Cole,84,Male,MAZDA,86,2003,Pickup

Sean,Pickering,32,Male,Dodge,Savana 2500 Passenger,2005,Pickup

Shane,Roberts,40,Male,Toyota,Econoline E150 Cargo,2009,Sedan

Shane,Chambers,55,Male,Mercedes-Benz,Sierra 2500 HD Regular Cab,1999,Sedan

Shannon,Price,21,Female,Cadillac,Optima (2006.5),2017,Pickup

Shannon,Jones,29,Female,MINI,S5,2001,Hatchback

Shannon,Moore,41,Female,Suzuki,Golf Alltrack,2008,Sedan

Shannon,O'Neill,44,Female,Mercury,Envoy XUV,1995,SUV

Shannon,Begum,52,Female,Buick,MX-6,2013,Pickup

Sharon,Fitzgerald,29,Female,Saturn,Trans Sport,2003,Convertible

Shaun,Farrell,44,Male,Ford,1500 Extended Cab,2014,Pickup

Sheila,Price,65,Female,Dodge,Altima,2012,"Coupe, Convertible"

Shirley,Newman,47,Female,Kia,Savana 2500 Passenger,2015,SUV

Sian,Kaur,53,Female,Lamborghini,TLX,2015,"Sedan, Wagon"

Sian,O'Neill,81,Female,Chrysler,4 Series,1999,SUV

Sian,Watkins,22,Female,Ram,Suburban 2500,2010,Pickup

Sian,Donnelly,21,Female,GMC,Suburban,1998,SUV

Simon,Walker,31,Male,Ford,S60,1996,Hatchback

Simon,Davies,64,Male,Bentley,SKY,2004,SUV

Sophie,Edwards,59,Female,Volkswagen,Navigator,2013,Sedan

Sophie,Naylor,28,Female,Ferrari,9-7X,2014,Sedan

Sophie,Hale,48,Female,Volkswagen,fortwo electric drive cabrio,2007,Van/Minivan

Stacey,Brown,51,Female,BMW,Caliber,2014,Coupe

Stacey,Tucker,66,Female,Honda,Ram Van 2500,1995,Sedan

Stacey,Sullivan,68,Female,GMC,DeVille,2009,SUV

Stacey,Sutton,70,Female,Porsche,Ram Van 3500,1998,Hatchback

Stanley,Cook,69,Male,Hyundai,V60,2015,"Convertible, Coupe"

Stephanie,Austin,28,Female,BMW,Transit 350 HD Van,2008,"Coupe, Convertible"

Stephen,Nash,43,Male,Audi,XC70,2017,Sedan

Stephen,Ryan,48,Male,Chrysler,Esteem,2018,Sedan

Stephen,Fisher,21,Male,Chrysler,S5,1996,"Coupe, Convertible"

Steven,Wilson,38,Male,Mitsubishi,MKZ,2014,"Hatchback, Convertible"

Steven,Cooke,60,Male,Chevrolet,Sebring,1998,SUV

Steven,Allen,73,Male,Isuzu,LX,1996,SUV

Stewart,Crawford,25,Male,Porsche,Raider Extended Cab,2014,SUV

Stewart,Dyer,81,Male,Lexus,Ranger Super Cab,1996,Coupe

Susan,Hall,62,Female,Toyota,Silverado 2500 HD Crew Cab,1992,Sedan

Susan,Benson,70,Female,Cadillac,S6,1992,Van/Minivan

Susan,Davies,68,Female,Chevrolet,Sorento,1993,SUV

Suzanne,Jackson,86,Female,Chevrolet,Silverado (Classic) 2500 HD Extended Cab,2009,Pickup

Suzanne,Hayward,67,Female,Volkswagen,M-Class,2009,SUV

Suzanne,Wright,36,Female,Buick,MX-6,2014,Sedan

Suzanne,Wilkinson,45,Female,Volvo,RX,2007,Van/Minivan

Sylvia,Watson,70,Female,Nissan,2500 Mega Cab,2014,SUV

Terence,Hudson,41,Male,Toyota,Sierra 1500 Regular Cab,2000,"Coupe, Convertible"

Teresa,Patel,71,Female,Ford,T100 Xtracab,2006,Sedan

Teresa,Potter,61,Female,Nissan,M6,2017,Pickup

Terry,Walters,47,Male,Nissan,Ramcharger,1999,SUV

Thomas,Harris,57,Male,Nissan,Accent,2007,Pickup

Thomas,Martin,72,Male,GMC,9-7X,2001,Sedan

Thomas,Clements,57,Male,INFINITI,Bonneville,1998,SUV

Timothy,Gordon,32,Male,Chrysler,Laser,2008,SUV

Timothy,Butler,18,Male,MAZDA,1500 Regular Cab,2000,SUV

Tina,Rogers,44,Female,Volvo,Fleetwood,2003,Sedan

Toby,Bailey,23,Male,GMC,D350 Regular Cab,2014,Convertible

Toby,Davey,46,Male,Bentley,911,2013,Van/Minivan

Toby,Gray,85,Male,Hyundai,S4,2016,Van/Minivan

Tom,Barnett,41,Male,Mercedes-Benz,Boxster,1992,Hatchback

Tracey,Potts,27,Female,Lexus,Blazer,2008,SUV

Tracey,Ahmed,30,Female,Dodge,ATS-V,1995,Van/Minivan

Tracy,Holloway,55,Female,Lincoln,Optima,2008,SUV

Tracy,Murray,62,Female,Acura,Tribeca,2014,Wagon

Tracy,Mellor,27,Female,Mercury,PT Cruiser,2015,Wagon

Trevor,Campbell,18,Male,Dodge,3500 Crew Cab,2014,"Convertible, Sedan, Coupe"

Trevor,Begum,89,Male,Acura,Camaro,1999,Pickup

Trevor,Sykes,64,Male,Mercedes-Benz,Trooper,2015,SUV

Valerie,Scott,29,Female,Saab,Grand Caravan Passenger,2011,"Hatchback, Sedan"

Valerie,Smith,28,Female,Suzuki,G-Class,2013,Pickup

Valerie,Richardson,74,Female,Mitsubishi,2500 Extended Cab,2019,SUV

Vanessa,Clarke,40,Female,Porsche,SC,1994,Hatchback

Victor,Ford,45,Male,Kia,Echo,2015,Pickup

Victor,Roberts,84,Male,Kia,VUE,1994,Pickup

Victor,Jones,52,Male,Chevrolet,Sentra,2007,Van/Minivan

Victoria,Stephens,71,Female,MAZDA,Touareg,2013,Sedan

Victoria,Daniels,52,Female,Pontiac,Bronco,2011,Pickup

Victoria,Clark,34,Female,Lexus,Ram 3500 Mega Cab,2004,Van/Minivan

Vincent,Miah,74,Male,Land Rover,TITAN XD Crew Cab,2015,Sedan

Vincent,Todd,85,Male,Chevrolet,Phantom,1994,Pickup

Wayne,Jones,56,Male,Chevrolet,911,2008,Pickup

Wendy,Smith,75,Female,Toyota,Sierra 3500 Extended Cab,1992,"Sedan, Wagon"

William,Clarke,86,Male,GMC,Yukon XL 2500,2008,"Wagon, Sedan"

William,Hamilton,67,Male,Toyota,2500 Regular Cab,2008,Van/Minivan

Yvonne,Andrews,71,Female,Toyota,Versa,2005,Coupe

Yvonne,Hughes,58,Female,BMW,XL7,2017,SUV

Zoe,Lamb,68,Female,Porsche,fortwo,2009,Sedan

Zoe,Davies,79,Female,Saab,Compass,2011,"Coupe, Convertible"

Zoe,Johnson,32,Female,Jeep,Q5,2012,Sedan

Zoe,Wells,63,Female,BMW,S5,1995,SUV

Zoe,Goddard,22,Female,Mercedes-Benz,M,2006,Sedan

Zoe,Webb,85,Female,Lexus,Suburban 2500,2012,Van/Minivan

